userID,email,username,password,subscriptionID
U1,user1@example.com,user1,password1,S1
U10,user10@example.com,user10,password10,S10
U11,user11@example.com,user11,password11,S11
U12,user12@example.com,user12,password12,S12
U13,user13@example.com,user13,password13,S13
U14,user14@example.com,user14,password14,S14
U15,user15@example.com,user15,password15,S15
U16,user16@example.com,user16,password16,S16
U17,user17@example.com,user17,password17,S17
U18,user18@example.com,user18,password18,S18
U19,user19@example.com,user19,password19,S19
U2,user2@example.com,user2,password2,S2
U20,user20@example.com,user20,password20,S20
U21,user21@example.com,user21,password21,S21
U22,user22@example.com,user22,password22,S22
U23,user23@example.com,user23,password23,S23
U24,user24@example.com,user24,password24,S24
U25,user25@example.com,user25,password25,S25
U26,user26@example.com,user26,password26,S26
U27,user27@example.com,user27,password27,S27
U28,user28@example.com,user28,password28,S28
U29,user29@example.com,user29,password29,S29
U3,user3@example.com,user3,password3,S3
U30,user30@example.com,user30,password30,S30
U31,user31@example.com,user31,password31,S31
U32,user32@example.com,user32,password32,S32
U33,user33@example.com,user33,password33,S33
U34,user34@example.com,user34,password34,S34
U35,user35@example.com,user35,password35,S35
U36,user36@example.com,user36,password36,S36
U37,user37@example.com,user37,password37,S37
U38,user38@example.com,user38,password38,S38
U39,user39@example.com,user39,password39,S39
U4,user4@example.com,user4,password4,S4
U40,user40@example.com,user40,password40,S40
U41,user41@example.com,user41,password41,S41
U42,user42@example.com,user42,password42,S42
U43,user43@example.com,user43,password43,S43
U44,user44@example.com,user44,password44,S44
U45,user45@example.com,user45,password45,S45
U46,user46@example.com,user46,password46,S46
U47,user47@example.com,user47,password47,S47
U48,user48@example.com,user48,password48,S48
U49,user49@example.com,user49,password49,S49
U5,user5@example.com,user5,password5,S5
U50,user50@example.com,user50,password50,S50
U6,user6@example.com,user6,password6,S6
U7,user7@example.com,user7,password7,S7
U8,user8@example.com,user8,password8,S8
U9,user9@example.com,user9,password9,S9
