nid,ntype,msg,u_id
1,"Type 1","Message 1",1
2,"Type 2","Message 2",2
3,"Type 3","Message 3",3
4,"Type 4","Message 4",4
5,"Type 5","Message 5",5
6,"Type 6","Message 6",6
7,"Type 7","Message 7",7
8,"Type 8","Message 8",8
9,"Type 9","Message 9",9
10,"Type 10","Message 10",10
11,"Type 11","Message 11",11
12,"Type 12","Message 12",12
13,"Type 13","Message 13",13
14,"Type 14","Message 14",14
15,"Type 15","Message 15",15
16,"Type 16","Message 16",16
17,"Type 17","Message 17",17
18,"Type 18","Message 18",18
19,"Type 19","Message 19",19
20,"Type 20","Message 20",20
21,"Type 21","Message 21",21
22,"Type 22","Message 22",22
23,"Type 23","Message 23",23
24,"Type 24","Message 24",24
25,"Type 25","Message 25",25
26,"Type 26","Message 26",26
27,"Type 27","Message 27",27
28,"Type 28","Message 28",28
29,"Type 29","Message 29",29
30,"Type 30","Message 30",30
31,"Type 31","Message 31",31
32,"Type 32","Message 32",32
33,"Type 33","Message 33",33
34,"Type 34","Message 34",34
35,"Type 35","Message 35",35
36,"Type 36","Message 36",36
37,"Type 37","Message 37",37
38,"Type 38","Message 38",38
39,"Type 39","Message 39",39
40,"Type 40","Message 40",40
41,"Type 41","Message 41",41
42,"Type 42","Message 42",42
43,"Type 43","Message 43",43
44,"Type 44","Message 44",44
45,"Type 45","Message 45",45
46,"Type 46","Message 46",46
47,"Type 47","Message 47",47
48,"Type 48","Message 48",48
49,"Type 49","Message 49",49
50,"Type 50","Message 50",50
