rid,rname,description,u_id
1,"Report 1","Description 1",1
2,"Report 2","Description 2",2
3,"Report 3","Description 3",3
4,"Report 4","Description 4",4
5,"Report 5","Description 5",5
6,"Report 6","Description 6",6
7,"Report 7","Description 7",7
8,"Report 8","Description 8",8
9,"Report 9","Description 9",9
10,"Report 10","Description 10",10
11,"Report 11","Description 11",11
12,"Report 12","Description 12",12
13,"Report 13","Description 13",13
14,"Report 14","Description 14",14
15,"Report 15","Description 15",15
16,"Report 16","Description 16",16
17,"Report 17","Description 17",17
18,"Report 18","Description 18",18
19,"Report 19","Description 19",19
20,"Report 20","Description 20",20
21,"Report 21","Description 21",21
22,"Report 22","Description 22",22
23,"Report 23","Description 23",23
24,"Report 24","Description 24",24
25,"Report 25","Description 25",25
26,"Report 26","Description 26",26
27,"Report 27","Description 27",27
28,"Report 28","Description 28",28
29,"Report 29","Description 29",29
30,"Report 30","Description 30",30
31,"Report 31","Description 31",31
32,"Report 32","Description 32",32
33,"Report 33","Description 33",33
34,"Report 34","Description 34",34
35,"Report 35","Description 35",35
36,"Report 36","Description 36",36
37,"Report 37","Description 37",37
38,"Report 38","Description 38",38
39,"Report 39","Description 39",39
40,"Report 40","Description 40",40
41,"Report 41","Description 41",41
42,"Report 42","Description 42",42
43,"Report 43","Description 43",43
44,"Report 44","Description 44",44
45,"Report 45","Description 45",45
46,"Report 46","Description 46",46
47,"Report 47","Description 47",47
48,"Report 48","Description 48",48
49,"Report 49","Description 49",49
50,"Report 50","Description 50",50
