tid,tname,descrip,did,prid,u_id,pid
1,"Task 1","Description 1",1,1,1,1
2,"Task 2","Description 2",2,2,2,2
3,"Task 3","Description 3",3,3,3,3
4,"Task 4","Description 4",4,4,4,4
5,"Task 5","Description 5",5,5,5,5
6,"Task 6","Description 6",6,6,6,6
7,"Task 7","Description 7",7,7,7,7
8,"Task 8","Description 8",8,8,8,8
9,"Task 9","Description 9",9,9,9,9
10,"Task 10","Description 10",10,10,10,10
11,"Task 11","Description 11",11,11,11,11
12,"Task 12","Description 12",12,12,12,12
13,"Task 13","Description 13",13,13,13,13
14,"Task 14","Description 14",14,14,14,14
15,"Task 15","Description 15",15,15,15,15
16,"Task 16","Description 16",16,16,16,16
17,"Task 17","Description 17",17,17,17,17
18,"Task 18","Description 18",18,18,18,18
19,"Task 19","Description 19",19,19,19,19
20,"Task 20","Description 20",20,20,20,20
21,"Task 21","Description 21",21,21,21,21
22,"Task 22","Description 22",22,22,22,22
23,"Task 23","Description 23",23,23,23,23
24,"Task 24","Description 24",24,24,24,24
25,"Task 25","Description 25",25,25,25,25
26,"Task 26","Description 26",26,26,26,26
27,"Task 27","Description 27",27,27,27,27
28,"Task 28","Description 28",28,28,28,28
29,"Task 29","Description 29",29,29,29,29
30,"Task 30","Description 30",30,30,30,30
31,"Task 31","Description 31",31,31,31,31
32,"Task 32","Description 32",32,32,32,32
33,"Task 33","Description 33",33,33,33,33
34,"Task 34","Description 34",34,34,34,34
35,"Task 35","Description 35",35,35,35,35
36,"Task 36","Description 36",36,36,36,36
37,"Task 37","Description 37",37,37,37,37
38,"Task 38","Description 38",38,38,38,38
39,"Task 39","Description 39",39,39,39,39
40,"Task 40","Description 40",40,40,40,40
41,"Task 41","Description 41",41,41,41,41
42,"Task 42","Description 42",42,42,42,42
43,"Task 43","Description 43",43,43,43,43
44,"Task 44","Description 44",44,44,44,44
45,"Task 45","Description 45",45,45,45,45
46,"Task 46","Description 46",46,46,46,46
47,"Task 47","Description 47",47,47,47,47
48,"Task 48","Description 48",48,48,48,48
49,"Task 49","Description 49",49,49,49,49
50,"Task 50","Description 50",50,50,50,50
